,Date,TweetID,Text,BTC Price,User Location,User follower count,UserFollowingCount,User Verified,Quote Status?,AccountCreationDate,Default Profile Theme?,DefaultProfileImage,TotalAccountLikes,Subjectivity,Polarity
5,2021-05-25 14:16:59,1397194992255475716, It‚Äôs been on the cards. Couple of months ago he released a paper and asked everybody - what am I missing about bitcoin? Hugely impressed with how open minded he is about it all.,37784.03,Decentralised,276761,512,False,False,2018-03-06 12:08:27,True,False,512,0.5166666666666667,0.26666666666666666
10,2021-05-25 14:16:58,1397194988413497352,"  Don‚Äôt buy an old shiny rock, buy LBY Coin. Libonomy interoperable bitcoin",37784.03,,43,285,False,False,2020-11-18 18:19:27,True,False,285,0.2,0.1
16,2021-05-25 14:16:57,1397194982470082572, That WAS a time. The bitcoin scams people are running on Facebook now feel less creative lol,37784.03,Under someone's uncle probably,33538,145,False,False,2017-06-01 01:37:20,False,False,145,0.5888888888888889,0.37777777777777777
20,2021-05-25 14:16:55,1397194977164382222,               Thanks bud! ,37784.03,,1673,118,False,False,2020-11-23 11:17:18,True,False,118,0.2,0.25
26,2021-05-25 14:16:54,1397194971657158661, Maybe in the next Bull Market.  Maybe.  It moves too slow.  Bitcoin and Etherium are much better.,37784.03,Sirius ,562,1133,False,False,2018-01-18 17:51:58,True,False,1133,0.3,0.06666666666666665
30,2021-05-25 14:16:53,1397194968192757763,"I PROPOSE WE MOUNT A COUNCIL TO DISMANTLE ALL COUNCILS, IT WILL BE CALLED DISCOUNCIL.IT WILL BE CALLED UPON EVERY TIME A NEW COUNCIL TRIES TO FROMOUR FIRST SESSION IS TODAY IN ABOUT 4 HOURS.YOU ARE WELCOME TO JOIN THE DISCOUNCIL TABLE.THE BITCOIN CORPORATION",37784.03,,506,328,False,False,2013-05-15 15:00:23,True,False,328,0.521969696969697,0.2715909090909091
45,2021-05-25 14:16:49,1397194950178115586,"1/2 Airsave Travel‚Äôs first step towards travel transformation is its decentralised travel social networking and services platform, which is powered by its native cryptocurrency coin. travel gold bitcoin bnb cryptocurrency coin NFT decentralized socialnetwork ",37784.03,Omnipresent,36,704,False,False,2020-06-11 11:57:02,True,False,704,0.19999999999999998,0.14166666666666666
47,2021-05-25 14:16:48,1397194945149145097,"The ""wash rule"" exemption with Crypto in the USA could really mean that there is a severe downside cycle on Bitcoin during tax season. Hadn't thought about this.",37784.03,,5346,441,False,False,2020-09-17 09:34:50,True,False,441,0.6875,-0.3125
52,2021-05-25 14:16:47,1397194941894430728, Bitcoin or no thanks,37784.03,earth,3979,165,False,False,2016-02-04 23:54:50,True,False,165,0.2,-0.1
58,2021-05-25 14:16:44,1397194928132919315,"  Whether you like it or not, Saylor and Musk are hugely influential players in the bitcoin world.  Would you want the miners to meet with them, or instead meet with Shirley and Billy Bob down the street who own .01 BTC?",37784.03,Greenville SC,38,932,False,False,2015-11-25 17:24:28,True,False,932,0.7296296296296297,0.2814814814814815
64,2021-05-25 14:16:41,1397194918284734471, with a solid morning as well - working past that $47.79 resistance nowLike for more! uncleeagleindicator trading forex trader money stocks investing investor bitcoin charts stonks ,37784.03,Florida,191,250,False,False,2010-04-23 13:29:44,False,False,250,0.2833333333333333,0.125
69,2021-05-25 14:16:39,1397194908826578956, Let see how it goes but sooner than later bitcoin and other cryptocurrencies will surely be used as payment.Check BREW and MOCHA from  and don't forget to participate in the upcoming ICO of  CafeSwap bsc bnb,37784.03,,73,639,False,False,2019-06-11 22:43:35,True,False,639,0.4212962962962963,0.125
78,2021-05-25 14:16:36,1397194896864382978,What can  do for the shift to Web 3.0 economy? Find out here in this must read article. bitcoin crypto polkadot kusama near cosmos web3 InternetofValue ,37784.03,Malaysia,1804,2479,False,True,2019-07-11 07:43:14,True,False,2479,0.4,0.1
93,2021-05-25 14:16:32,1397194877839024140,"I'm largely thinking that bitcoin will be worthless.  But I leave wide berth for being wrong.  It has served me well in the past. So here's why I own  (via  because I'm lazy), and probably won't sell anytime soon. ",37784.03,"Shorewood, WI & Atenas, CR",15862,240,False,False,2011-07-08 22:40:55,False,False,240,0.696938775510204,-0.15510204081632656
97,2021-05-25 14:16:30,1397194869660082176, We can‚Äôt dread on the past. Fortunately we still have the ability to buy bitcoin. I wouldn‚Äôt recommend buying anything that isn‚Äôt bitcoin. And only buy as much as you are informed on what your buying.,37784.03,in search,134,739,False,False,2018-09-10 21:18:13,True,False,739,0.5375,0.08750000000000001
98,2021-05-25 14:16:29,1397194867839803401,I'm proud to become an ambassador of  . Their excellent work speaks for itself and reflects the bitcoin ethos. This is the way.Sign up below and use the code NAKADAI and get 0.5% less in fees. EUR and CHF accepted.,37784.03,Êó•Êú¨,3771,1102,False,False,2020-09-22 13:54:47,True,False,1102,0.688888888888889,0.5444444444444444
100,2021-05-25 14:16:28,1397194861430902793,Get up to 40 FreeSpins with EACH deposit today  on some awesome  slots!May 25- T&amp;C Applyslots onlinecasino bitcoin crypto ,37784.03,,1689,787,False,False,2014-01-02 09:58:58,False,False,787,1.0,1.0
104,2021-05-25 14:16:26,1397194855898562573,tron bitcoin doge dogecoin faucet all free plus staking bonuses on earnings.  Plus  SpaceToken Join free to collect earnings here ,37784.03,"Michigan, USA",1839,1222,False,False,2019-04-15 00:31:08,True,False,1222,0.8,0.4
111,2021-05-25 14:16:23,1397194841805688841," Max it would be great to hear your view on using   to build smart contracts and dApps directly on the Bitcoin network rather than using ETH. When we can do everything on Bitcoin, why even bother using ETH?",37784.03,Liverpool,497,430,False,False,2010-08-15 23:50:44,True,False,430,0.5976190476190476,0.37142857142857144
130,2021-05-25 14:16:16,1397194810272923657,"Billionaire has a business that would be destroyed if he didn't get subsidies from his government.Billionaire buys bitcoin.His government is not happy.Billionaire denounces bitcoin.What a surprise.Billionaires don't have our best interest in mind, folks.",37784.03,Mexico (super dangerous),2089,530,False,False,2020-04-04 05:03:11,True,False,530,0.3,1.0
134,2021-05-25 14:16:15,1397194807110520835,tron bitcoin doge dogecoin faucet all free plus staking bonuses on earnings.  Plus  SpaceToken Join free to collect earnings here ,37784.03,"Michigan, USA",1239,1254,False,False,2019-01-05 16:11:13,True,False,1254,0.8,0.4
141,2021-05-25 14:16:12,1397194797471907840,"  i say it's only an ""altcoin"" if 1- it isn't bitcoin2- it doesn't support smart contractsso like LTC, BCH, ADA...",37784.03,,165,876,False,False,2020-10-15 20:01:34,True,False,876,0.8214285714285714,0.10714285714285714
142,2021-05-25 14:16:12,1397194797002248205,"It is disheartening to see some old time bitcoiners cheering to the formation of new bitcoin OPEC. Although a sentiment in the right direction to move mining to more renewable, it is a very slippery slope towards censoring anonymous miners.",37784.03,"Bengaluru, India",109,593,False,False,2011-05-17 18:14:02,True,False,593,0.3980519480519481,0.24441558441558436
151,2021-05-25 14:16:09,1397194780824772616,"If you‚Äôre in a weird mood, it‚Äôs because Bitcoin is in retrograde right now. bitcoin bitcoins BCH dogecoin cryptocurrencies",37784.03,Planet Earth,57,400,False,False,2014-07-06 03:59:38,False,False,400,0.7678571428571428,-0.10714285714285715
152,2021-05-25 14:16:09,1397194780778631174,"Now more than ever, be safe out there folks. Here's a little history lesson: (and yes at cost of greater energy use POW blockchains like  provide security against this)  ",37784.03,"Tampa Bay, Florida, USA",486,1169,False,True,2020-10-30 21:08:36,True,False,1169,0.6,0.1125
159,2021-05-25 14:16:07,1397194773853786115,    He was arrogant and worked Gavin to try and become king of bitcoin.  His rage quit was one of the best things that could have happened for bitcoin.,37784.03,Canada,274,1219,False,False,2017-11-23 11:34:41,True,False,1219,0.3,1.0
163,2021-05-25 14:16:06,1397194769793749003,"reddit : Ethereum Has Much Higher Utility Than Bitcoin, Says Guggenheim Co-Founder ",37784.03,,2120,2973,False,False,2017-06-13 03:20:00,True,False,2973,0.5,0.25
178,2021-05-25 14:16:01,1397194748369293314,"      If you own bitcoin, you are your own cfo.",37784.03,,345,483,False,False,2014-06-22 18:43:43,True,False,483,1.0,0.6
181,2021-05-25 14:16:00,1397194745370214400,"From clientonboarding, KYC, delegationassistance, to facilitating securepayments, the TradersRoom web-based portal is every trader‚Äôs dream come true! Did you know that it also processes BitCoin?  businessgrowth marketingsolutions attractcustomers ",37784.03,"Boston, MA",1701,2112,False,False,2009-05-12 17:37:47,False,False,2112,0.65,0.4375
183,2021-05-25 14:16:00,1397194743587786763,"Bitcoin is trying reclaim the psychological $40K price tag but still with no success. Despite failing to overcome $40K the primary cryptocurrency seems to continue its recovery as it currently trades around $37,300. Ethereum is up $900 since Sunday!BTC ETH Crypto InstaSwap",37784.03,"Athens, Greece",7323,678,False,False,2018-04-21 22:19:58,False,False,678,0.25,0.0625
184,2021-05-25 14:15:58,1397194736579096580, Stoicism helps you prepare for the worst so you know what's important.,37784.03,"Cape Breton & London, ON üá®üá¶",31108,2080,False,False,2011-02-03 18:25:17,False,False,2080,1.0,-0.3
197,2021-05-25 14:15:56,1397194727959695365," bitcoin and my self esteem have something in common, dono kisi bhi waqt crash kar jaate han",37784.03,"Islamabad, Pakistan",493,263,False,False,2020-09-23 09:55:21,True,False,263,0.5,-0.3
201,2021-05-25 14:15:55,1397194723610218499,Historically accurate Bitcoin metric suggests BTC price has bottomed out  via ,37784.03,"Glasgow, Scotland",4826,4495,False,False,2013-03-15 16:35:57,False,False,4495,0.6333333333333334,0.4000000000000001
203,2021-05-25 14:15:54,1397194718816182274," Don't miss tonight's Powwow 20/50: Bitcoin &amp; Crypto Market Roller Coaster; CHSB's fundamentals; Reasons to be hopeful, and more! Set the   and join us in chat!  ",37784.03,Switzerland,65007,1030,False,False,2016-05-01 12:58:13,False,False,1030,0.5,0.78125
205,2021-05-25 14:15:53,1397194717595635718,Interesting information on Bitcoin via  ,37784.03,Planet Crypto,1222,1908,False,False,2019-12-29 19:13:12,True,False,1908,0.5,0.5
215,2021-05-25 14:15:48,1397194694971559944, I‚Äôve been solicited by a few Bitcoin Miners in my DM.,37784.03,"Fayetteville, NC",121,487,False,False,2012-07-11 15:36:18,True,False,487,0.1,-0.2
219,2021-05-25 14:15:46,1397194685869928462," I mean he probably bought more Bitcoin after that pizza right? Dude probably still has some good money, he‚Äôs fine",37784.03,Loosiana ,39,211,False,False,2019-12-03 04:51:07,True,False,211,0.5646428571428571,0.3179761904761905
220,2021-05-25 14:15:45,1397194684003454977,Peak madness that Bitcoin is being given grief about energy consumption.Idiocracy confusion levels. ,37784.03,,590,486,False,True,2012-12-12 15:05:55,True,False,486,0.2,-0.8
247,2021-05-25 14:15:35,1397194639929708547,PLEBPOOL MINING PRIORITY 1. OFAC UNCOMPLIANT BITCOIN¬† FIRST2. GREEN BITCOIN¬† LAST ,37784.03,HyperSpace,1588,4999,False,False,2020-11-27 17:41:21,True,False,4999,0.18333333333333332,-0.1
258,2021-05-25 14:15:33,1397194631809536000, with a really nice morning here - top channel line inboundLike for more! uncleeagleindicator trading forex trader money stocks investing investor bitcoin charts stonks ,37784.03,Florida,191,250,False,False,2010-04-23 13:29:44,False,False,250,0.6666666666666666,0.5750000000000001
261,2021-05-25 14:15:32,1397194629380988934,Some interesting information here. Interpret it how you see fit FUD BTC WHALES MANIPULATION PLAUSIBLE BitCoin ,37784.03,,59,271,False,True,2009-06-26 11:45:36,True,False,271,0.4666666666666666,0.4666666666666666
263,2021-05-25 14:15:32,1397194626570805255,"Must read thread explaining crypto market manipulation. Yes, it really does happen and includes strategic FUD placements in the media. Bitcoin MarketManipulation FUD  cryptomarket OrchestratedCrash Media ",37784.03,Cryptoville,222,769,False,True,2018-05-03 21:14:47,True,False,769,0.2,0.2
287,2021-05-25 14:15:24,1397194593578409987,"SimpleTip Humans are Lazy, Algos written by them are lazy as welltake an advantage and always hide your stops below integer number(s), do the same with your targets as wellin normal market conditions, this helps ALOT Trading Crypto Bitcoin ",37784.03,Financial Freedomüëä,42250,816,False,False,2018-01-12 18:48:04,False,False,816,0.69375,-0.0875
289,2021-05-25 14:15:23,1397194587995770889,"    A few things:1. You can mutate git repos and delete history2. Content signing is much improved with globally resolvable Decentralized Identifiers, which we just made possible at scale: 3. You can add Bitcoin timestamping with no additional energy use",37784.03,Rain City,12488,371,False,False,2008-09-06 17:31:27,False,False,371,0.45999999999999996,0.1
294,2021-05-25 14:15:22,1397194585697357843,Bitcoin‚Äôs wild price action continues on latest Musk tweets - Yahoo Finance ,37784.03,,18307,10167,False,False,2009-11-04 18:04:28,False,False,10167,0.4666666666666666,0.2333333333333333
299,2021-05-25 14:15:21,1397194580337078275,    He pushed through the badly tested update which caused the last major issue on bitcoin.,37784.03,Canada,274,1219,False,False,2017-11-23 11:34:41,True,False,1219,0.41111111111111115,-0.21249999999999994
307,2021-05-25 14:15:20,1397194575354253320,ETH gas fees are so high and Bitcoin transaction confirms are so slow. I sent Cardano ada to my holding account and it arrived in 1 minute with less than 1 Ada as a fee?! Legit game changer,37784.03,The Moon,17,432,False,False,2018-08-31 17:48:34,True,False,432,0.3516666666666667,-0.18708333333333335
327,2021-05-25 14:15:13,1397194547726270468," Hey Jason, I‚Äôve only head bad things from them but don‚Äôt have personal experience. I would recommend buying some place like Coinbase and then transferring your coins to a wallet you control the keys to like exodus wallet or Bitcoin core wallet. Good luck",37784.03,,1081,1080,False,False,2019-05-08 23:35:43,True,False,1080,0.6416666666666666,2.7755575615628914e-17
342,2021-05-25 14:15:09,1397194530546495490,I play and get Cashback!  The more you play on  - the higher Rank and Cashback amount you will get! My Username: User285344 betfurysuccess bitcoin staking,37784.03,MiLky_WAy-GALAxy,22,358,False,False,2017-03-12 19:21:09,True,False,358,0.6333333333333333,-0.08333333333333333
351,2021-05-25 14:15:07,1397194521574842370,"Investors yanked $98 million out of Bitcoin investment products during the week ended May 14, the most on record. It‚Äôs important to remember that this kind of volatility is normal for such a still-emerging, speculative asset class.   ",37784.03,"San Antonio, TX",12889,1135,True,False,2009-06-08 22:00:52,False,False,1135,0.71,0.32999999999999996
353,2021-05-25 14:15:06,1397194519888683012,"Absolutely nothing worthy, unfortunately.&gt; Go see familyDrama ensues.&gt; FriendsWhere friends?&gt; JobDoes mining bitcoin count?&gt; HobbiesSleeping weeks away seeing life pass by like I'm about to waste all of it.",37784.03,"Rio de Janeiro, Brazil",24,342,False,False,2020-04-19 19:59:07,True,False,342,0.6333333333333333,0.1111111111111111
356,2021-05-25 14:15:06,1397194517762215950,Isn't bitcoin vulnerable to a 51% attack? Like you guys are pumped institutional money is in only to realize you've lost the majority to suits in New York.,37784.03,,16,190,False,False,2017-01-03 19:55:47,True,False,190,0.6515151515151515,-0.12121212121212122
364,2021-05-25 14:15:03,1397194504126537741," All part of the game.Some men want bitcoin, others traders want fiat.The game is to extract those bitcoin from you as quickly and as cheaply as possible.If you're new here, consider this your Training Day.  ",37784.03,127.0.0.1,1017,886,False,False,2018-06-06 00:28:57,False,False,886,0.5136363636363637,0.11742424242424242
370,2021-05-25 14:15:00,1397194494882222080,Coinbase Launches New Version of Prime Brokerage in Bid to Diversify Revenue    Bitcoin Blockchain crypto BTC NFT ,37784.03,,366,353,False,False,2018-11-28 13:28:48,True,False,353,0.45454545454545453,0.13636363636363635
382,2021-05-25 14:14:55,1397194473747193859,   That's amazing. Done      ,37784.03,India,224,399,False,False,2019-09-16 18:00:00,True,False,399,0.9,0.6000000000000001
383,2021-05-25 14:14:55,1397194471482200069, Join the waitlist for the BlockFi credit card with my link and we‚Äôll both start earning bitcoin soon.The perks are getting better and better!,37784.03,,4402,5001,False,False,2018-08-26 14:40:28,True,False,5001,0.5,0.5625
409,2021-05-25 14:14:43,1397194423545602060," Watch how fast the public suddenly  understands Bitcoin when inflation bites. With a solid store of value to quickly escape to, the time it takes for loss of confidence and hyperinflation in fiat currencies to set in will be shortened considerably.",37784.03,,116,718,False,False,2012-01-17 12:40:46,True,False,718,0.36944444444444446,0.10555555555555556
413,2021-05-25 14:14:42,1397194419552636932,"Una carneficina Bitcoin: Crashes driven by big margin bets, new crypto banking ",37784.03,Consulente Fineco Bank @Efpa,64,1479,False,False,2013-02-03 21:25:47,True,False,1479,0.2772727272727273,0.06818181818181818
414,2021-05-25 14:14:42,1397194417002500112,"Trending Finance News - Daily Bulletin | 25th May , 2021 | MertiumWatch More: For More Trending Finance News,Please Visit: Mertium Finance News Banking Economy Fintech Bitcoin ",37784.03,"New York, US",1798,140,False,False,2019-04-24 10:36:59,True,False,140,0.3333333333333333,0.3333333333333333
461,2021-05-25 14:14:26,1397194352678608913, Good offer. I love you bro.      BNB DOGE ETH Bitcoin,37784.03,,129,1505,False,False,2018-01-13 05:43:48,True,False,1505,0.6000000000000001,0.6
473,2021-05-25 14:14:21,1397194328708198400, I love football and I love crypto. How about you?Join millions of football fans on   Token available on PancakeSwap Tg - Website -FootballStars tudamoon  Crypto CryptoNews BSClaunch BSC BSCGem,37784.03,,78,115,False,False,2019-09-24 13:24:07,True,False,115,0.5333333333333333,0.4666666666666666
482,2021-05-25 14:14:16,1397194310014091268,"     If you click on any of the search results, you'll see they're typically talking about mining ethereum (despite click-baiting ""bitcoin"" all over).  If your electricity is free and you want to make pennies a day instead of dollars a day, I guess you *could* mine BTC with a GPU",37784.03,Beautiful midwest,161,3518,False,False,2010-01-27 16:18:24,False,False,3518,0.65,0.11666666666666668
488,2021-05-25 14:14:14,1397194302061690891,"Bitcoin woke us all up to a new way to pay, and culturally, I think a much larger percentage of us have become accustomed to the idea that money no longer comes with the friction it once had. ",37784.03,"Detroit, MI",486,217,False,False,2011-02-25 18:54:52,False,False,217,0.35151515151515156,0.07878787878787878
489,2021-05-25 14:14:14,1397194300715327506, Tuur I don't understand the fascination of building on ETH when you can build smart contracts and dApps on Bitcoin network directly using ,37784.03,Liverpool,497,430,False,False,2010-08-15 23:50:44,True,False,430,0.5214285714285715,0.15714285714285714
498,2021-05-25 14:14:10,1397194284630257670,Free Bitcoin instantly. I have recover all my scammed coins  ,37784.03,,90,269,False,False,2017-07-05 17:40:39,True,False,269,0.7333333333333334,0.2
504,2021-05-25 14:14:09,1397194281199230977," Would if I could, dm locked for everyone or just me after I called a 10x right before it happened in your dm? Looks like you made it through other means, though, good for you.",37784.03,,22,531,False,False,2020-09-11 07:35:59,True,False,531,0.5035714285714286,0.2869047619047619
562,2021-05-25 14:13:48,1397194190484905995,Just moved most of my BitCoin BSV off of RobinHood and into my wallets.  and  ,37784.03,"Los Angeles, CA",199,472,False,False,2009-04-03 19:45:19,True,False,472,0.5,0.5
563,2021-05-25 14:13:47,1397194187829911555,"Morning! 5 with Fitz - 05/25/21Ô∏èbitcoin stabilises, so do indicesÔ∏èNormally I'd agree w/  Ô∏èMost people still don't understand Colonial Pipeline attackÔ∏èWhy  is really buying  Ô∏èGrowth = ""de-anxiety"" trade",37784.03,,2320,189,False,False,2019-09-30 21:27:51,True,False,189,0.2,0.2
565,2021-05-25 14:13:46,1397194184696684549,"  It was the only US election to go to the candidate who was vastly less popular, with a much smaller social media following, yet who was the most popular ever by vote.",37784.03,Not financial advice.,168,623,False,False,2020-07-16 15:51:32,True,False,623,0.5041666666666668,0.19583333333333333
567,2021-05-25 14:13:46,1397194181542662149, is on available on  Trade  with  and  trading pairs is an open-source protocol that provides a high-performance layer-0 infrastructure for DeFi and Web3Start trading now ‚Ä£   ,37784.03,"Pune, India",131,1178,False,False,2019-03-07 16:10:25,True,False,1178,0.4,0.4
578,2021-05-25 14:13:42,1397194165012811783," Microstrategy has been around for a while too, and with a severe lack of progress. The way he‚Äôs treating Bitcoin is like some sort of ‚Äúsolution‚Äù to a few decades of problems &amp; business hurdles. Major red flag here, especially since he seems dead set on buying btc with no question",37784.03,,6,158,False,False,2019-08-28 02:35:22,True,False,158,0.4,-0.0675
586,2021-05-25 14:13:40,1397194155831529475,  Bitcoin is a paradigm shift in soo many ways As such it has revealed ppls true nature (i am thankful for that) Bitcoin is not for everyone.,37784.03,,145,261,False,False,2019-03-12 00:39:48,True,False,261,0.5499999999999999,0.2833333333333333
587,2021-05-25 14:13:39,1397194153319096336,"""Bitcoin blockchain in China is expected to peak in 2024 and generate 130.50 million metric tons of carbon emission, exceeding the total annualized greenhouse gas emission output of the Czech Republic and Qatar.""",37784.03,Graz,103,157,False,False,2010-04-28 06:01:19,True,False,157,0.575,-0.05
617,2021-05-25 14:13:30,1397194116908392448,"It's interesting how bitcoin fans dismiss regular currencies as ""fiat."" As if bitcoin were not fiat. Only worse, because it has the backing of no govts. Only  and . Govts lining up to regulate or ban bitcoin, not back it. 80proofkoolaid BitcoinCrash",37784.03,Manhattan,2234,378,False,False,2020-04-25 17:18:47,True,False,378,0.5294871794871795,0.016666666666666663
647,2021-05-25 14:13:23,1397194084540985348," Now they are going to use POS and ETH to attack Bitcoin and POW. Next will be the Ransom issues. What they are missing is the $20 Trillion in potential ""free"" stimulus that a $1 Million Bitcoin provides.",37784.03,Streets of New York,71,199,False,False,2012-07-19 17:17:00,True,False,199,0.4625,0.05
653,2021-05-25 14:13:20,1397194073463836690," Farthest distance between earth and Mars is 22.4 light minutes, bitcoin average block time is 10 munites, how can it working well without a hard fork?",37784.03,earth,27,177,False,False,2009-10-25 13:26:01,True,False,177,0.5472222222222222,-0.013888888888888895
663,2021-05-25 14:13:16,1397194056883654662,"For those who haven‚Äôt noticed yet, XLM at its most recent favorite swing support-resistance area again, $0.422!  $   0   .   4   2   2 Bitcoin Stellar Lumens XLM ",37784.03,United States,3096,577,False,False,2015-03-02 18:18:25,False,False,577,0.5,0.34375
672,2021-05-25 14:13:12,1397194041574543360,"Why is it that on Coinbase  Bitcoin is constantly about a 65/35 ration buy to sell yet the price is stagnant, meanwhile a shitcoin‚Äôs ratio is less than that yet pumps through the roof ? Just a sincere question of mine.",37784.03,"St Joseph, MN",93,141,False,False,2016-06-25 23:18:45,True,False,141,0.3,0.11111111111111112
681,2021-05-25 14:13:08,1397194022901452807, The onboarding is easy because UTXO transferable and doesn‚Äôt require one txs to create a channel and drivechain‚Äôs fees goes to Bitcoin miners unlike lightning so miners will probably support its ,37784.03,,284,2258,False,False,2020-05-12 06:19:24,True,False,2258,0.8333333333333334,0.43333333333333335
690,2021-05-25 14:13:06,1397194013560684554,"The energy mix and negative externalities to secure and maintain the rapidly failing petrodollar are an ecological disaster Improve your energy mix by switching to bitcoin, a money that minimizes wasteful spending and is secured with more than 40% renewable energy",37784.03,Tracked on the blockchain,7780,1502,False,False,2018-05-17 16:01:44,True,False,1502,0.525,0.25
702,2021-05-25 14:13:01,1397193995911147533,Uganda‚Äôs Financial Intelligence Authority wants the government to create a crypto regulatory framework ‚Äì regulation bitcoin¬†news ,37784.03,Pune,1298,513,False,False,2010-06-06 16:01:22,False,False,513,0.05,0.1
706,2021-05-25 14:13:00,1397193991167295499, hard to know but my current theory is it's part of a defense that he's just a crypto enthusiast sharing his beliefs about various assetsand definitely not pumping and dumping Bitcoin using his highly engaged following,37784.03,üá∫üá∏,1261,626,False,False,2009-03-02 19:50:49,False,False,626,0.43027777777777776,-0.021944444444444447
712,2021-05-25 14:12:59,1397193984347459600,"OK fuxk this. I'm going to watch all Harry Potter videos instead, to get some reality into my life. Bitcoin",37784.03,"Phuket Province, Thailand",302,204,False,False,2009-08-14 21:58:36,True,False,204,0.5,0.5
727,2021-05-25 14:12:54,1397193966823612417,"I'm selling my bitcoin2021 whale pass for 0.2 BTC, which is more than 62% off the current price of $20,000/ 0.53 BTCFull access to whale day, whale night, after party. DM me.bitcoin",37784.03,"Vancouver, British Columbia",3588,2992,False,False,2007-11-03 16:30:16,False,False,2992,0.45,0.25
730,2021-05-25 14:12:53,1397193959206686731,Today on TheStreetLive with  and : - - How the market is starting to look up- + More!Stream Live ,37784.03,"New York, NY",783381,1131,True,False,2008-06-30 19:12:38,False,False,1131,0.3,0.06818181818181818
741,2021-05-25 14:12:48,1397193937996103690," aba is a fine looking chart, and must be a decent hedge against shorting AMZN which I love to hate. Good call on Bitcoin",37784.03,"Calgary, Alberta",197,1836,False,False,2020-12-29 21:23:21,True,False,1836,0.6533333333333333,0.19666666666666668
743,2021-05-25 14:12:46,1397193930983231492,  Yes. That's like buying the first car you test drive. Get out there and take several for a spin. Then lease a few. THEN you MIGHT be ready for a purchase. Mileage may vary.,37784.03,United States,81,107,False,False,2019-11-21 03:54:44,True,False,107,0.23333333333333334,0.0625
767,2021-05-25 14:12:34,1397193882849398802,"this is why many industry pros stopped to share anything valuable on twitter years ago and why I don't feel like sharing: someone untalented, unpassionate, will take your intellectual property, brand it as his and sell it to the people bitcoin ethereum ",37784.03,Europe,94,274,False,True,2017-08-03 07:02:36,False,False,274,0.45,0.4
772,2021-05-25 14:12:33,1397193877942112264, Buy bitcoin and get some rest ;-),37784.03,Malta,1781,2901,False,False,2016-04-18 07:32:07,False,False,2901,1.0,0.25
790,2021-05-25 14:12:27,1397193852214198273, Send some free bitcoin to us,37784.03,Republic of Mozambique,541,256,False,False,2018-09-20 16:05:09,False,False,256,0.8,0.4
798,2021-05-25 14:12:25,1397193841732694026,"Guggenheim's Scott Minerd, who called bitcoin crash, sees more selling -  cryptocurrencies news crypto",37784.03,,9227,175,False,False,2016-09-02 00:16:30,True,False,175,0.5,0.5
812,2021-05-25 14:12:19,1397193818722775041,  I'm old enough to remember when this used to be Bitcoin maxis favorite catch phrase.,37784.03,Elon's Head,37,367,False,False,2017-05-21 13:37:11,True,False,367,0.5666666666666667,0.19999999999999998
814,2021-05-25 14:12:19,1397193818521444364,$1.3 Trillion Crypto Price Crash: Leaked Goldman Sachs Prediction Gives ‚ÄòHigh Chance‚Äô Ethereum Will Eclipse Bitcoin!  ETH  cryptocurrency DeFi ,37784.03,,9139,131,False,False,2017-09-12 10:32:32,True,False,131,0.5399999999999999,0.2
821,2021-05-25 14:12:18,1397193813546967043," The people who are profiting from the ever rising BTC are the mafia, corrupt politicians, terrorists, gun runners as they have all moved their illegal cash into bitcoin and are now transacting in BTC . If BTC has to have future, these all need to be cleaned up.",37784.03,Planet Earth,79,171,False,False,2017-12-14 17:29:03,False,False,171,0.5416666666666666,-0.3333333333333333
823,2021-05-25 14:12:18,1397193812267749379,The bad bearish takes on crypto twitter this morning are nearly as bad as these same folks telling everyone to sell at 30 to 31k bitcoin.  The correct take imo is under 40K   is an accumulation zone for whales and smart money.  That is the correct answer.,37784.03,,326,1021,False,False,2017-11-29 21:17:57,False,False,1021,0.5252976190476191,-0.2964285714285714
825,2021-05-25 14:12:17,1397193809700823054,"   My Bitcoin friends from before 2017 didn't understood my switch to XRP in 2018, but they're all getting more nervous now and secretly asking me for advice. I don't feel sorry for them, they've been doing well since 2017, but times are changing, it's not rocket science ... ",37784.03,"Amsterdam, Nederland",49945,1044,False,False,2019-05-18 08:27:23,False,False,1044,0.7333333333333334,-0.13333333333333333
829,2021-05-25 14:12:16,1397193806777364480," Cryptocurrency miners halt China business after Beijing cracks down, Bitcoin price dives.",37784.03,"Gurugram, Haryana",74,277,False,False,2020-08-06 19:12:48,True,False,277,0.2888888888888889,-0.15555555555555559
833,2021-05-25 14:12:16,1397193804868947968,I'm getting panic buy signals coming up for Bitcoin This is so random and odd It must be connected to the fear of the USD falling further,37784.03,,195,890,False,False,2019-01-05 04:03:25,True,False,890,0.4166666666666667,-0.2222222222222222
845,2021-05-25 14:12:12,1397193789572268044,  I‚Äôm starting to believe not your keys not your Bitcoin isn‚Äôt quite necessary for all platforms anymore.I use both just seems things are much more secure these days but you never know so I use both,37784.03,,159,247,False,False,2013-01-05 15:22:18,True,False,247,0.55,0.225
849,2021-05-25 14:12:10,1397193781657624584," Join the waitlist for the BlockFi credit card with my link and we‚Äôll both start earning bitcoin soon. Looks like I am still number 19,793 :) You can help me get it faster by signing up ",37784.03,Everywhere ;) ,25388,10713,False,False,2009-01-17 13:25:27,False,False,10713,1.0,0.5
853,2021-05-25 14:12:10,1397193778826469385,"Crypto Panic: Bloomberg's Mike McGlone Claims $100,000 Still in Cards, Shares Strong Bitcoin Underpinnings for 2021   Bet with  via ‚ü∂  ‚àö ",37784.03,üá∫üá∏,27152,13383,False,False,2008-08-25 03:17:30,False,False,13383,0.7333333333333333,0.4333333333333333
855,2021-05-25 14:12:09,1397193775886344192," I started with 1% because of the asymmetry, scooping profits but not rebalancing into losses.The better you do the more you learn about bitcoin. The more you learn the higher you set your allocation.I also adjust my allocation based on bitcoin‚Äôs 4 year cycle.",37784.03,Not financial advisor/advice,1650,750,False,False,2020-03-24 14:25:58,True,False,750,0.5,0.4375
856,2021-05-25 14:12:09,1397193775865335820,"     But by your logic, anyone using a doge or Bitcoin logo in their art should remove it from the marketplace.  Also, if I do a pizza of the Eiffel Tower, should I pay royalty to the family of the original designer?",37784.03,"Rhode Island, USA",892,2048,False,False,2019-08-31 08:55:45,True,False,2048,0.75,0.375
880,2021-05-25 14:12:02,1397193747805446152,  That‚Äôs really cool bottle,37784.03,,70,454,False,False,2020-02-19 20:03:05,True,False,454,0.65,0.35
883,2021-05-25 14:12:01,1397193743174979596,"Blockchain, the technology behind cryptocurrencies like Bitcoin, has not been fully appreciated by our leaders in Washington. If we want to win the 21st Century, we have to be ahead of new technologies, not behind.",37784.03,United States,5124,1954,False,False,2017-09-29 16:04:08,False,False,1954,0.3924242424242424,0.1560606060606061
890,2021-05-25 14:11:57,1397193723759443981,"     We learn from and follow when getting started in the Bitcoin business.The success story of the leader of Binance   really moves us, not only because of his vision but also in a community that loves BSC, Binance and  that is growing day by day. BARMY build",37784.03,France,304,1090,False,False,2010-08-06 18:07:03,True,False,1090,0.39999999999999997,0.16666666666666666
901,2021-05-25 14:11:53,1397193707863031810, Bitcoin / bitcoin layer2 / L3 etc is the only true defi All the others are just companies,37784.03,,908,1774,False,False,2020-06-16 21:54:31,True,False,1774,0.825,0.175
917,2021-05-25 14:11:46,1397193681317384195,"""No one is so free as the person who desires what he really desires.""Bitcoin leads us to infinite joy.",37784.03,Citadel üêáüï≥,896,540,False,False,2014-07-09 19:55:13,False,False,540,0.39999999999999997,0.46666666666666673
924,2021-05-25 14:11:44,1397193672949645318,  Now I better understand how Bitcoin is the future. It wasn‚Äôt very cyberpunk until America‚Äôs 7th largest megacorpo by market cap decided to start a mining ‚Äúlaser eyes‚Äù cartel on the creation of a digital currency which is also a ruthless pump &amp; dump scheme.,37784.03,"London, England",379,304,False,False,2012-02-14 06:00:22,False,False,304,0.385,-0.06000000000000001
943,2021-05-25 14:11:38,1397193644814241800, Holding for my dear lifeThis is my Bitcoin...that I got in early on....so lifetime hodl,37784.03,,136,519,False,False,2020-02-29 23:08:03,True,False,519,0.3,0.1
956,2021-05-25 14:11:31,1397193617899413510,  LOL. Typical bitcoin maxi. Bitcoin maxis will soon be a dying breed thanks to Saylor and Elon's centralized mining cartel.,37784.03,,12,436,False,False,2020-12-26 03:35:06,True,False,436,0.4666666666666666,0.27777777777777785
965,2021-05-25 14:11:28,1397193602263048199, He should divide his portfolio in to three coins1. DIA an Oracle highly undervaluedGood for long term. Lots of room for growth.2. UTK highly undervalued Midcap and a gem for long term growth3. SOVRYN (FIRST BITCOIN DEFI) Is amazing project for long term,37784.03,"ÿØÿ®Ÿä, ÿßŸÑÿßŸÖÿßÿ±ÿßÿ™ ÿßŸÑÿπÿ±ÿ®Ÿäÿ© ÿßŸÑŸÖÿ™ÿ≠ÿØÿ©",37,687,False,False,2016-12-08 06:44:47,True,False,687,0.5019047619047619,0.1457142857142857
966,2021-05-25 14:11:27,1397193601961054219,"Amazing  ENCRYPTO Bitcoin diamond watch at AIBC Dubai conference. Feels great on the hand, thx for letting me try it on! ",37784.03,"üåê, üá´üáÆ, üá™üá∫, üá®üá¶, or üó∫.",361,399,False,False,2009-09-18 01:52:50,False,False,399,0.825,0.8
979,2021-05-25 14:11:25,1397193590410039300,The IMF wants to print another 640B dollars and its so blas√©. That‚Äôs pretty much the 2008 bailout. If you‚Äôre holding more dollars than the bitcoin equivalent you‚Äôre losing money. Stack hard ,37784.03,sydney,301,299,False,False,2010-04-04 02:08:10,False,False,299,0.4683333333333334,0.17166666666666663
980,2021-05-25 14:11:24,1397193587784392710,MocktailFinance MocktailSwap MOK blockchain cryptocurrency technology bitcoin  This project has a clear and growing purpose.I wish this project would be successful.The innovative approach will be useful for the whole cryptocurrency community.,37784.03,,2190,2194,False,False,2019-04-24 08:31:05,True,False,2194,0.4458333333333333,0.27499999999999997
984,2021-05-25 14:11:21,1397193574064836620, No waiting give it to me now this could be like Bitcoin its gonna shoot up in worth in a couple if years,37784.03,largox16@gmail.com,545,385,False,False,2020-11-28 20:28:53,True,False,385,0.1,0.3
989,2021-05-25 14:11:19,1397193566896758793,"With Bitcoin, there are a lot more methods with microlending, where you can have communities using cryptocurrencies to help themselves without any intermediaries.‚Äù‚ÄìShawn Wilkinson, the founder of Storj, a cloud-storage service - ‚Äî Quote Dailyinvest bitcoin USA Vacation",37784.03,"New Jersey, USA",162,132,False,False,2015-04-06 22:44:06,True,False,132,0.5,0.5
998,2021-05-25 14:11:16,1397193553655250965,Eye opening thread on the real market manipulation occurringcrypto bitcoin whalesThey literally pay for FUDSee below ,37784.03,"KuCoin, Coingecko",346,585,False,True,2017-09-28 23:39:12,True,False,585,0.30000000000000004,0.2
1003,2021-05-25 14:11:14,1397193547510599680,"Followers Request Solana Bitcoin pair is very clean imoTesting a key S/R here after a swipe below then a reclaim procedureHold above, then push up to mentioned levelsLosing this, then 0.000575 is coming nextDetails &amp; Levels on charts, Share it ",37784.03,Financial Freedomüëä,42250,816,False,False,2018-01-12 18:48:04,False,False,816,0.67,0.1588888888888889
1004,2021-05-25 14:11:13,1397193539574960130,First thing  should ask him at bitcoin 2021 ,37784.03,United States,870,1271,False,True,2017-04-14 15:38:34,True,False,1271,0.3333333333333333,0.25
1008,2021-05-25 14:11:12,1397193536378912772,The latest Trending!  Thanks to   fintech bitcoin,37784.03,,2613,865,False,False,2016-01-24 22:23:55,True,False,865,0.55,0.4125
1014,2021-05-25 14:11:11,1397193533057024003, I love bitcoin. But can't ignore what's going on in Defi. Projects like  are for real.,37784.03,,180,423,False,False,2014-02-12 21:46:48,True,False,423,0.45,0.35
1017,2021-05-25 14:11:10,1397193530314006529,What are the dark secrets of crypto? Marius KramerCrypto is riddled with tribalism. The worst is the r/Bitcoin subreddit. Any criticism is censored and users who point out flaws of Bitcoin are shamed and banned. r/btc is similar and many other subreddits arecryptocurrency,37784.03,Online,76960,54351,False,False,2015-05-02 16:54:25,False,False,54351,0.5349999999999999,-0.15499999999999997
1024,2021-05-25 14:11:08,1397193522021871618,"My Bitcoin friends from before 2017 didn't understood my switch to XRP in 2018, but they're all getting more nervous now and secretly asking me for advice. I don't feel sorry for them, they've been doing well since 2017, but times are changing, it's not rocket science ... ",37784.03,"Amsterdam, Nederland",49945,1044,False,False,2019-05-18 08:27:23,False,False,1044,0.7333333333333334,-0.13333333333333333
1029,2021-05-25 14:11:06,1397193513331314688,""" Observing the price movement of Bitcoin in the last three years alone ‚Äì a range of USD3k to USD63k per BTC ‚Äì would be sufficient to conclude that it would be a poor substitute for money as a unit of account for goods and services."" ",37784.03,,21,232,False,False,2013-12-01 16:27:14,True,False,232,0.3333333333333333,-0.2
1042,2021-05-25 14:10:59,1397193483706904579,"  I have helped 47ppl into bitcoin. The mainstream media dissuade many many more away from bitcoin. Shitcoins are immoral. And they delay the onset of sound money. Some ppl may be put off by toxicity, but it‚Äôs necessary - bitcoin is an IQ test. Education: ",37784.03,,908,1774,False,False,2020-06-16 21:54:31,True,False,1774,0.58,0.38
1055,2021-05-25 14:10:53,1397193458717167622,"  released today: ""Argo Blockchain (LSE: ARB), a global leader in cryptocurrency mining, is pleased to announce that on Sunday 23 May 2021, leading North American miners came together to discuss ESG issues related to Bitcoin mining with Elon Musk."" -- Guess I was right ",37784.03,,45,318,False,False,2020-08-04 19:12:53,True,False,318,0.3871428571428571,0.15714285714285714
1071,2021-05-25 14:10:48,1397193436374130690,"So much to tweet, so little time. Currently frozen with indecision: share holiday pics, do steam locomotive deep dive, explode criminality-Bitcoin myths, raise awareness of the scam a friend just fell for, do a thread for Haemochromatosis WHW2021? Here's a loco video for now...",37784.03,"Coventry, UK",4772,4670,True,False,2008-07-21 01:55:01,False,False,4670,0.375,0.0031250000000000028
1083,2021-05-25 14:10:45,1397193424546172935,"""China imposed more restrictions on cryptocurrency use. U.S. regulators signaled they may not be ready to approve a Bitcoin exchange-traded fund yet, and have hinted at additional rules around Bitcoin trading on exchanges."" ",37784.03,"Caracas, Venezuela",1260,1161,False,False,2013-11-14 23:19:43,True,False,1161,0.5,0.35
1085,2021-05-25 14:10:44,1397193418154070025, I think the failed Bitcoin exchange really tarnished that. Mtgox,37784.03,Not at your stop,5461,523,False,False,2014-07-01 11:45:58,True,False,523,0.25,-0.15
1089,2021-05-25 14:10:43,1397193416178610184,"Technology blockchain: Bitcoin attempts to close in on $40,000 after Elon Musk said he spoke to miners about energy usage - The world‚Äôs most popular cryptocurrency started Tuesday at over $39,000 before falling back toward $37,000.",37784.03,"Thane, India",1567,1470,False,False,2014-06-10 09:33:01,False,False,1470,0.4666666666666666,0.3666666666666667
1090,2021-05-25 14:10:43,1397193415478153228, Not interested in Bitcoin but still use btc  as a payment method in   ,37784.03,Madrid,144,137,False,False,2020-10-27 15:55:20,True,False,137,0.5,-0.125
1103,2021-05-25 14:10:39,1397193398432436229,"Bitcoin Cash, Ethereum Classic, Filecoin Price Analysis: 21 May  ",37784.03,"Toronto, ON",749,5001,False,False,2011-11-17 01:47:59,False,False,5001,0.16666666666666666,0.16666666666666666
1109,2021-05-25 14:10:36,1397193387552481281,$spx golden cross in progress in 1D will follow him and  too. Let's gooooo VET VeChain VeFam bitcoin altcoins RoadTo030 ,37784.03,,431,194,False,False,2017-08-30 08:26:14,False,False,194,0.25,0.15
1116,2021-05-25 14:10:35,1397193380149485584," Also, we are well past the 2000 era Amazon phase in bitcoin... more into the early 2010's",37784.03,"Little Cayman, Cayman Islands",531733,784,True,False,2014-04-19 16:15:17,False,False,784,0.35000000000000003,0.11666666666666665
1121,2021-05-25 14:10:34,1397193376685076494,Bitcoin traders using 100-to-1 leverage are driving the wild swings ,37784.03,Êù±‰∫¨ÊôÇ„ÄÖÂ§ßÈò™,327,353,False,False,2017-01-09 08:04:52,True,False,353,0.4,0.1
1129,2021-05-25 14:10:31,1397193366081884164," easy, the bar is a subtle nudge letting us know you are opening or working at a bar. but if you turn your phone sideways (much like you turned our lives sideways by leaving Bethesda) it becomes a pole, who uses poles at bars? STRIPPERS!! ergo Nate is gonna strip for bitcoin.",37784.03,,451,540,False,False,2020-10-26 02:00:27,True,False,540,0.5111111111111112,0.1375
1137,2021-05-25 14:10:28,1397193350822957060," To your point, the funny thing for me is if you‚Äôre long on crypto you should probably be short on Bitcoin and vice versa.",37784.03,Everywhere. ,849,480,False,False,2015-08-13 21:32:01,True,False,480,0.5666666666666667,0.06666666666666667
1156,2021-05-25 14:10:22,1397193326789603333, Seems to me that ETH is moving to a more centralized architecture because Bitcoin has won the decentralized SOV use case.  Am I missing something?,37784.03,"Colorado, USA",248,648,False,False,2016-03-21 22:13:58,True,False,648,0.275,0.15
1170,2021-05-25 14:10:16,1397193303787982856,"The largest digital currency slipped as much as 6.5% to $36,494 in New York, following a 16% jump on Monday. The wider Bloomberg Galaxy Crypto Index and to...Read more: ",37784.03,USA,5634,4634,False,False,2018-10-17 11:18:24,False,False,4634,0.25090909090909086,0.1672727272727273
1172,2021-05-25 14:10:16,1397193301866975233," Nope. DeFi on Bitcoin sidechains is nascent but working ( for example). If shitcoins produce something useful, it will be incorporated into Bitcoin. Shitcoins are like beta testing for the real world.",37784.03,,522,1601,False,False,2018-01-08 18:58:53,True,False,1601,0.15000000000000002,0.25
1177,2021-05-25 14:10:14,1397193292186628097, maybe we can make the new vegan bitcoin trade intraweek only,37784.03,,69,342,False,False,2013-04-10 13:41:02,False,False,342,0.7272727272727273,0.06818181818181818
1185,2021-05-25 14:10:12,1397193284091580422,"In an interview with CNBC released Sunday, Nobel Laureate Robert Shiller discussed the bitcoin market. Shiller won The Sveriges Riksbank Prize in Economic ...Read more: ",37784.03,USA,5634,4634,False,False,2018-10-17 11:18:24,False,False,4634,0.35,0.35
1187,2021-05-25 14:10:11,1397193283089190914,Former SEC Chairman Is Advising the Latest Bitcoin ETF Contender  ,37784.03,taiwan,62,700,False,False,2009-09-23 02:50:39,True,False,700,0.5,0.13333333333333333
1192,2021-05-25 14:10:10,1397193276663517197," Goldbugs will dispute this using the Gold:Decent Mans Suit ratio which argues a better maintaining of purchasing power.As recently as 2017, 1 bitcoin would buy you 1 ounce of gold.Today it will buy you over 10The dollar is losing it's purchasing power, not gold or bitcoin",37784.03,England,353,1092,False,False,2018-03-03 21:36:49,True,False,1092,0.375,0.25
1196,2021-05-25 14:10:09,1397193272037150743," Everything manipulated, 90% of all Bitcoin are owned by just 1% of wallets created, if people invest in Bitcoin they are just doing the rich richer.",37784.03,Chile,55,299,False,False,2011-07-12 23:14:42,False,False,299,0.75,0.375
1197,2021-05-25 14:10:08,1397193267083612178,"Subscribe to our newsletters for inspiring, positive interviews and articles.bitcoin cryptotwitter ",37784.03,,113,311,False,False,2018-05-25 17:24:12,True,False,311,0.7727272727272727,0.36363636363636365
1203,2021-05-25 14:10:06,1397193261014568970,"Lordstown Motors, Nvidia, Bitcoin: What to Watch When the Stock Market Opens TodayThe Wall Street Journal Elon Musk Explains Why He Prefers Dogecoin Over E...Read more: ",37784.03,USA,5634,4634,False,False,2018-10-17 11:18:24,False,False,4634,0.5,0.5
1205,2021-05-25 14:10:06,1397193258946777093,"Banks and other financial institutions who still refuse to recognize major cryptocurrencies, such as Bitcoin, as a legitimate asset class are putting thems...Read more: ",37784.03,USA,5634,4634,False,False,2018-10-17 11:18:24,False,False,4634,0.375,0.0875
1211,2021-05-25 14:10:03,1397193246225440769,"USDC, the second most popular stablecoin in the cryptocurrency market, is late in releasing its attestations, which are documents that certify the number of dollars the custodian Centre holds in banks  USDC Attestations Stablecoin Solvency USDT  ",37784.03,"Manhattan, NY",1652,831,False,False,2011-07-16 00:31:50,False,False,831,0.5,0.2
1213,2021-05-25 14:10:03,1397193245948514307,"Live Bitcoin Price: $37,507That's a decrease of 0.72% in the last 24hrs! Perfect time to jump in?! Buy with Binance and save 20% on buying fees FOREVER via the link below...Bitcoin Binance Crypto Doge",37784.03,"England, United Kingdom",40511,7510,False,False,2011-03-09 18:59:44,False,False,7510,0.5222222222222223,0.37878787878787873
1215,2021-05-25 14:10:02,1397193244702875649,"""A lot of bitcoin investors still take their cues from Musk. It will be awhile before we're completely insulated from that,"" said Ben Weiss, CEO of CoinFlip. ""But bitcoin is stronger than one company and one person."" Morphis CryptoKiosk BATM ",37784.03,"Dallas, TX",656,1145,False,False,2011-11-21 15:06:50,False,False,1145,0.4,0.1
1220,2021-05-25 14:10:01,1397193239682326540," bitcoin is already ~ 3/4 powered by renewables. That last 1/4 will shrink over time, as there is an incentive to find the cheapest and most efficient energy possible",37784.03,"San Francisco, CA",50,251,False,False,2009-11-10 07:52:10,False,False,251,0.5222222222222223,0.16666666666666666
1232,2021-05-25 14:09:56,1397193218463260676," Best option is   With PowerTrade you can be bullish, bearish or both, on Bitcoin, Ether and other leading cryptocurrencies.",37784.03,"Milford, MA 01757",80,168,False,False,2020-08-18 12:12:16,True,False,168,0.3375,0.4375
1243,2021-05-25 14:09:52,1397193199836442633," I hope this project is a success, sir, and then it becomes one of the best cryptos, I am enthusiastic about participating in this and also supporting it,Good luck sir Airdrop Binance¬† Bitcoin¬† XLW XLWToken LawrenciumToken ",37784.03,"Kano, Nigeria",38,106,False,False,2018-12-30 14:02:26,True,False,106,0.3625,0.5375
1247,2021-05-25 14:09:50,1397193193913991175,"The Bitcoin bull market this season is currently undergoing through &amp;8216;FUD-Phase&amp;8217; where a series of FUDs have hit the market one after the other,...Read more: ",37784.03,USA,5634,4634,False,False,2018-10-17 11:18:24,False,False,4634,0.45,0.25
1254,2021-05-25 14:09:47,1397193180060307471,"Steve Lee of Square Crypto sees major Bitcoin application progress on the horizon, dismisses energy FUD and looks forward to Bitcoin 2021....Read more: ",37784.03,USA,5634,4634,False,False,2018-10-17 11:18:24,False,False,4634,0.5,0.28125
1262,2021-05-25 14:09:44,1397193169033469956,"  Get them from CashApp - go to the bitcoin tab, scroll down and switch the display currency to Sats",37784.03,Tracked on the blockchain,7780,1502,False,False,2018-05-17 16:01:44,True,False,1502,0.2888888888888889,-0.15555555555555559
1265,2021-05-25 14:09:42,1397193159071911944,"Elon Musk Reveals Why He‚Äôs Backing Dogecoin Over Bitcoin, Ethereum And Others After His Surprise Call For Upgrade ‚ÄòIdeas‚Äô Sends Its Price Sharply Higher. ",37784.03,"California, USA",20741,18799,False,False,2017-07-31 21:02:36,True,False,18799,0.5,0.25
1268,2021-05-25 14:09:40,1397193150435926016,Bitcoin Bullish &amp; Bitcoin Bearish Explained! There are different views on Bitcoin right now I discuss and analyse a lot of them here:Bitcoin ,37784.03,"Bournemouth, England",802,1893,False,False,2018-01-15 13:25:44,False,False,1893,0.5678571428571428,0.14285714285714285
1283,2021-05-25 14:09:37,1397193139291672577,    I think you should revisit the incentive structure behind Bitcoin. It's not in the self interests of the miners to undermine the system. I don't see them being shady at all.bUt mUH cHiNesE mINers!,37784.03,,498,779,False,False,2014-11-04 01:18:01,False,False,779,0.44166666666666665,-0.21666666666666667
1284,2021-05-25 14:09:36,1397193135554547715,Bitcoin prices tumble higher as Elon Musk talks with crypto miners ,37784.03,"In your heart, I hope",671,5008,False,False,2009-07-24 11:03:26,False,False,5008,0.5,0.25
1304,2021-05-25 14:09:30,1397193110803914766,‚ÄòThe Bitcoin Mining Council‚Äô Formed in Bid to Promote Energy Transparency  bitcoin BitcoinMiningCouncil blockchain council DigitalAssets energy green mining musk saylor securitytoken sto securitytokens digitalsecurities,37784.03,Cayman Islands,1801,179,False,False,2018-09-07 04:23:00,True,False,179,0.3,-0.2
1313,2021-05-25 14:09:28,1397193100120973312,"  Really nice, more features inc. ",37784.03,Land of yield on crypto,1713,186,False,False,2020-11-07 10:29:23,True,False,186,0.75,0.55
1314,2021-05-25 14:09:28,1397193099932315649,Fake news. Has nothing to do with bitcoin ,37784.03,LalaLand,1462,1004,False,True,2015-07-02 19:02:48,True,False,1004,1.0,-0.5
1315,2021-05-25 14:09:27,1397193098749431811, Awesome to hear for the bitcoin family. But I got all myeggs  in my DOGE Basket...and I'm keeping em warm until time to hatch for early retirement.,37784.03,"Alabama, USA",63,165,False,False,2017-10-07 11:49:56,True,False,165,0.6333333333333334,0.5666666666666668
1327,2021-05-25 14:09:22,1397193075357794315," Earn bitcoin BTC from mining.Showing you and few lucky people how to earn 0.1 bitcoin (3,800) and more daily  without sending out funds to anyone. Crypto If interested, kindly send a DM",37784.03,"Maryland, USA",917,729,False,False,2019-03-03 18:08:23,True,False,729,0.47222222222222227,0.24722222222222223
1332,2021-05-25 14:09:20,1397193066252017675,  He can‚Äôt say this is about appeasement of the mob that would use  this to attack bitcoin adoption. Or the appeasement would fail.,37784.03,"San Jose, CA",7679,640,False,False,2017-10-17 21:22:10,False,False,640,0.29999999999999993,-0.5
1333,2021-05-25 14:09:19,1397193065006313480,"In 2012, he was introduced to Bitcoin which led to his next venture, Unocoin, India‚Äôs first bitcoin platform, which today is serving 1.2 mn customers.Tune in to this episode to hear Sathvik unfold the world of crypto &amp; the technology behind it.Link: ",37784.03,India,246,345,False,False,2018-01-05 21:28:48,True,False,345,0.3444444444444444,-0.05000000000000001
1348,2021-05-25 14:09:14,1397193040549355527,   I believe we can both increase consumption and reduce carbon emissions by transitioning off coal. And I also believe that Bitcoin can help do that. I suggest looking up ark investment research on the topic:  They make the point better than I'll ever can.,37784.03,"Qu√©bec, Canada",7722,170,False,False,2010-02-22 01:31:06,False,False,170,0.5,0.5
1369,2021-05-25 14:09:05,1397193003664560133,  Thanks! ,37784.03,,2474,120,False,False,2020-09-18 07:57:29,True,False,120,0.2,0.25
1382,2021-05-25 14:09:01,1397192988292489220,'What is Cryptocurrency?' with Dash Core Group CEO Ryan TaylorA very informative interview worth sharing to newcomers to cryptocurrency.View on YouTube: dash bitcoin bitcoincash litecoin crypto blockchain defi ,37784.03,Global,13638,3426,False,False,2013-12-21 01:13:35,False,False,3426,0.2,0.25
1391,2021-05-25 14:08:57,1397192970508673028," let's be honest, Bitcoin is more of CP/M. Solid and simple, with limited capabilities, not evolving much",37784.03,Toronto,21169,2301,False,False,2008-05-02 17:15:27,False,False,2301,0.3666666666666667,0.20476190476190478
1393,2021-05-25 14:08:57,1397192968876986369, The best choice I've made this year was investing in cryptocurrency and forex trading and earning from home.$5k weekly I've never¬† regretted this decision. Bitcoin investment is the best decision to make.Send a dm for more info.,37784.03,,123,170,False,False,2020-04-24 00:32:45,True,False,170,0.3666666666666667,0.8333333333333334
1399,2021-05-25 14:08:54,1397192956692647937, Literally any time. But particularly Bitcoin week next week.,37784.03,"San Francisco, CA",1939,1009,False,False,2009-03-28 03:30:02,True,False,1009,0.16666666666666666,0.08333333333333333
1415,2021-05-25 14:08:47,1397192928792023045, They are way more different than that. Bitcoin is money &amp; SOV. eth is not,37784.03,,7749,881,False,False,2019-09-19 00:31:53,True,False,881,0.55,0.25
1416,2021-05-25 14:08:47,1397192928414535682,   The best choice I've made this year was investing in cryptocurrency and forex trading and earning from home.$5k weekly I've never¬† regretted this decision. Bitcoin investment is the best decision to make.Send a dm for more info.,37784.03,,123,170,False,False,2020-04-24 00:32:45,True,False,170,0.3666666666666667,0.8333333333333334
1429,2021-05-25 14:08:43,1397192914015604737, Bitcoin is the mother of cryptocurrency. Check out my best BSC project DIESEL and OIL from  Their monthly burn of 5% is a good one   bnb binance bsc crudeoil,37784.03,,34,337,False,False,2016-06-16 13:44:42,True,False,337,0.45000000000000007,0.85
1454,2021-05-25 14:08:36,1397192881161609229, ‚ÄúBitcoin bubble closely correlated with other bubbles‚Äù,37784.03,United States,257,256,False,False,2019-01-24 17:01:24,True,False,256,0.375,-0.125
1460,2021-05-25 14:08:34,1397192875557982222,Talk shit about bitcoin.Your whole company gets exposed.Ask Elon lmAo,37784.03,"North Carolina, USA",864,289,False,False,2020-02-15 11:17:57,True,False,289,0.7333333333333334,0.19999999999999998
1461,2021-05-25 14:08:34,1397192873704099842," I imagine B revolution doesn't need influencers as Elon, Taleb, Saylor, etc. It would be better for all of us if Bitcoin only watch people needs and opinions. The environmental issues are generated by corrupted and centralized goverments and CEOs with an excess stolen power.",37784.03,,13,592,False,False,2020-03-10 15:40:37,True,False,592,0.75,0.25
1466,2021-05-25 14:08:33,1397192868436000771,         Good project,37784.03,"Satkhira,  Khulna ",8,257,False,False,2020-10-26 10:07:50,True,False,257,0.6000000000000001,0.7
1477,2021-05-25 14:08:29,1397192854464778247, Will Bitcoin fork? Dirty coal mined Bitcoin vs green energy Bitcoin?,37784.03,,25,149,False,False,2013-05-08 08:29:15,True,False,149,0.55,-0.4
1478,2021-05-25 14:08:29,1397192853940539405,Our website is now live!!! We accept bitcoin and have a lot of fun things to do in Miami (and across the world!).   Book your adventure now,37784.03,Miami,405,237,False,False,2019-09-27 20:42:30,True,False,237,0.35,0.32066761363636365
1484,2021-05-25 14:08:28,1397192847682686983,New episode!Can Bitcoin fulfill the goal to become money?  doesn't think so.  and I critique his article with his criticisms of Bitcoin.Part 2 will be released next week.,37784.03,Southeastern Pennsylvania,4077,547,False,False,2012-11-13 00:41:17,True,False,547,0.22727272727272727,0.06818181818181818
1485,2021-05-25 14:08:27,1397192847040909319,The name of the game is to outperform Bitcoin,37784.03,Nigeria,2385,3329,False,False,2011-05-23 13:39:53,True,False,3329,0.4,-0.4
1523,2021-05-25 14:08:15,1397192794297585665, disagree. Microsoft Windows is useful for something.Satoshi programmed bitcoin on windows too,37784.03,"Guangdong, P.R.C.",666,624,False,False,2009-06-27 04:34:52,False,False,624,0.0,0.3
1525,2021-05-25 14:08:14,1397192790518415364, The best choice I've made this year was investing in cryptocurrency and forex trading and earning from home.$5k weekly I've never¬† regretted this decision. Bitcoin investment is the best decision to make.Send a dm for more info.,37784.03,,123,170,False,False,2020-04-24 00:32:45,True,False,170,0.3666666666666667,0.8333333333333334
1528,2021-05-25 14:08:14,1397192789276995597,"If you have less bitcoin than you did a month ago, you probably aren't a good trader and definitely aren't a bitcoiner.",37784.03,"Here, Now",9155,389,False,False,2014-05-17 06:45:41,False,False,389,0.3888888888888889,0.17777777777777778
1529,2021-05-25 14:08:14,1397192789063045126,Remember all those accounts shilling you alts last week. Saying the BTC pairs looked ‚Äúamazing‚Äù and ‚Äúsuper bullish‚Äù. There was a massive  for me and that was BTC.D it was obvious it needed to gain some ground. I see a test now of 52% minimum. Hence my long position Bitcoin ,37784.03,Rome,12644,2211,False,False,2018-05-31 11:56:46,True,False,2211,0.5888888888888889,0.14722222222222223
1530,2021-05-25 14:08:13,1397192787632787462, I'm indeed greatful to be part of this wonderful project. Bitcoin,37784.03,,30,491,False,False,2019-11-19 22:31:46,True,False,491,1.0,1.0
1538,2021-05-25 14:08:11,1397192779323805698,"  I don't care about the energy mix either. My concern is the inclination to normalize cartels and ""industry groups"" that could be subject to capture Bitcoin will survive ofc, but the fight will get more complicated. Better to kill them at the start",37784.03,Jersey,4395,727,False,False,2012-10-16 04:40:18,False,False,727,0.5833333333333333,0.08333333333333334
1545,2021-05-25 14:08:07,1397192761737089030,"Modest gains so far this morning in the crypto world, every coin is in the single-digit percentage gains. There is still time for Bitcoin to get back to 40k, but right now it's doing the whole ""I think I can... I think I can... I think I can..."" thing.",37784.03,Oklahoma,1660,4692,False,False,2020-11-06 14:00:10,True,False,4692,0.5671428571428571,0.13714285714285715
1565,2021-05-25 14:08:02,1397192739998126087,"  Yeah, you sure have a tight grasp of the bitcoin-tiger's tail  welcome to the club",37784.03,Centrum f√∂r genusvetenskap,796,1315,False,False,2015-08-31 14:32:15,True,False,1315,0.6915343915343914,0.3738095238095238
1567,2021-05-25 14:08:01,1397192734193115166,Bullrun ain't over until we tap that upper red line.Everything above light blue squiggle is bullish.This chart was made somewhere in 2019 and i still believe in it.bitcoins  Crypto Bitcoin ,37784.03,Everywhere i can be,1046,1099,False,False,2012-09-01 20:00:41,False,False,1099,0.18,0.08
1570,2021-05-25 14:08:00,1397192730745266176,Bitcoin holds gains after Elon Musk‚Äôs effort to bolster the token‚Äôs green credentials stokes a rally  via ,37784.03,,2146,313,False,False,2019-04-11 17:47:15,True,False,313,0.3,-0.2
1572,2021-05-25 14:08:00,1397192730347024387, Awesome pic Molly! Thank you for the feedback!,37784.03,,2474,120,False,False,2020-09-18 07:57:29,True,False,120,1.0,1.0
1577,2021-05-25 14:07:58,1397192723652808712,New post (All Crypto Assets Now Have a Correlation Greater Than 60% with Bitcoin) has been published on CoolNerd - Techno Reviews Community -  bitcoin cryptocurrency buykalacoin doge dogearmy eth crypto shibu safemoon enjin ,37784.03,"Albuquerque, NM",1974,886,False,False,2014-09-15 14:27:57,True,False,886,0.4772727272727273,0.3181818181818182
1581,2021-05-25 14:07:57,1397192719257284611," Mate, that doesn't make any sense. Bitcoin is a new technology, you can't excuse a possible flaw of new tech with old technology. Bitcoin is a revolution, that doesn't mean it is perfect. Hiding/ignoring (POSSIBLE) flaws is not the best starting point.",37784.03,Portugal,83,810,False,False,2011-02-26 23:50:21,True,False,810,0.5246590909090909,0.20102272727272727
1600,2021-05-25 14:07:51,1397192693659353089, Take action now and mine bitcoin,37784.03,,101,238,False,False,2013-10-11 11:34:10,False,False,238,0.1,0.1
1614,2021-05-25 14:07:46,1397192674122289152,Sounds like a real life stress test and passed with flying colors. Stock on the other hand would have wiped out the planets fiat financial system and Bitcoin would be there to replace the parasitic fiat financial system. ,37784.03,,92,173,False,True,2020-09-14 17:31:44,True,False,173,0.16875,0.018750000000000003
1633,2021-05-25 14:07:39,1397192643969441802,"   I think if your dad had to argue against censorship resistance, decentralization of the network, and scarcity of coins to participate, he'd have a harder time dismissing Bitcoin. Instead he's only focused on the fact that its not physical, and that centralized shit coins exist.",37784.03,Bitcoin Blockchain,5,168,False,False,2018-01-11 22:30:38,True,False,168,0.4857142857142857,-0.07500000000000001
1654,2021-05-25 14:07:33,1397192617130143747,Historically accurate Bitcoin metric suggests BTC price has bottomed out  Bitcoin CryptoCurrencies Technical Analysis,37784.03,,6198,590,False,False,2018-05-08 11:58:22,True,False,590,0.3666666666666667,0.20000000000000004
1657,2021-05-25 14:07:32,1397192614324183045,"Ô∏è This is what I see happening with Bitcoin.It will bounce up, but first a drop to 27k",37784.03,,17,165,False,False,2019-01-12 23:43:49,True,False,165,0.3333333333333333,0.25
1660,2021-05-25 14:07:31,1397192610696110086,    Miami is going to be lit next week for the Bitcoin conference.Miami is making moves towards the future...for real!,37784.03,Clearwater Beach Florida!,191,310,False,False,2012-04-26 22:43:04,True,False,310,0.15000000000000002,0.125
1673,2021-05-25 14:07:24,1397192582678073344,Ross Stevens - Bitcoin is our peaceful weapon of choice against Central Bank driven time theft. ,37784.03,2140,214,120,False,False,2020-10-23 14:09:45,True,False,120,0.375,0.125
1675,2021-05-25 14:07:24,1397192581361115140,It has Europe's biggest game on Saturday and is not listed on the $ CITY per binance exchange. We are waiting for it to be listed impatiently or binance will lose its customers to other exchanges. BTC¬† Bitcoin¬† Binance¬† CHZ,37784.03,,53,170,False,False,2020-09-13 17:37:07,True,False,170,0.5583333333333333,-0.2416666666666667
1686,2021-05-25 14:07:20,1397192563896070151,  So a lot of you guys have been asking me how I keep my Bitcoin safe...,37784.03,The Cosmos,42,511,False,False,2016-06-28 17:17:29,False,False,511,0.5,0.5
1699,2021-05-25 14:07:16,1397192547118768129,   Happy Bitcoin Pizza Day 2021Polka bridge community is the greatest! This is a very cool and innovative project.Telegram: BSC: 0xD8dc2CcA43722ee4CF5989cA7a674dE775E2bC45,37784.03,,16,394,False,False,2013-11-29 14:13:49,True,False,394,0.96125,0.68875
1703,2021-05-25 14:07:15,1397192542203093001,"Elon Musk bought $1.5 billion worth of bitcoin, imagine how much he'll buy when he understands what bitcoin is.",37784.03,,18437,14603,False,False,2012-07-28 09:19:05,True,False,14603,0.15000000000000002,0.25
1715,2021-05-25 14:07:10,1397192523521593357,New post (All Crypto Assets Now Have a Correlation Greater Than 60% with Bitcoin) has been published on CoolNerd - Techno Reviews Community -  bitcoin cryptocurrency buykalacoin doge dogearmy eth crypto shibu safemoon enjin ,37784.03,"Albuquerque, NM",1974,886,False,False,2014-09-15 14:27:57,True,False,886,0.4772727272727273,0.3181818181818182
1717,2021-05-25 14:07:09,1397192519939674114,bitcoin is dead,37784.03,,3449,665,False,False,2016-10-07 00:38:03,True,False,665,0.4,-0.2
1718,2021-05-25 14:07:09,1397192519230894088,"   Going to be a bumpy summer for bitcoin specifically, coupled with more macro data points being ‚Äúdripped ‚Äù to the markets that the underlying global financial /currency/ bond flows are below base case assumptionsCentral banks are in a corner. Bitcoin is the paint.Volatility?",37784.03,,677,238,False,False,2019-10-27 23:46:26,True,False,238,0.375,-0.07500000000000001
1723,2021-05-25 14:07:08,1397192514495516681,"Bloomberg's Mike McGlone Claims $100,000 Still in Cards, Shares Strong Bitcoin Underpinnings for 2021 ",37784.03,"London, England",856,153,False,False,2017-12-08 17:22:03,True,False,153,0.7333333333333333,0.4333333333333333
1729,2021-05-25 14:07:07,1397192508413730822,"  The problem is that Bitcoin has been fundamentally broken, and there's only one option left with any hope of recovering what it was meant to be.",37784.03,"Idaho, USA",1827,221,False,False,2013-04-05 11:24:42,False,False,221,0.4666666666666666,-0.13333333333333333
1730,2021-05-25 14:07:07,1397192508107526145,"Well boys,it looks like Bitcoin miners may be in the carbon credits business now.Sometimes you have to be like waterand just go with the flow.Their attempt to slow us downcan actually be used to accelerate our growth.Opportunities are all a matter of perspective.BJJ",37784.03,,218,254,False,False,2019-11-27 17:40:23,True,False,254,0.25,-0.15000000000000002
1732,2021-05-25 14:07:06,1397192504492105730,"Bloomberg's Mike McGlone Claims $100,000 Still in Cards, Shares Strong Bitcoin Underpinnings for 2021 ",37784.03,,184,122,False,False,2020-09-09 03:13:09,True,False,122,0.7333333333333333,0.4333333333333333
1762,2021-05-25 14:06:53,1397192450851094533,New post (HSBC steers clear of Bitcoin offerings for clients) has been published on CoolNerd - Techno Reviews Community -  bitcoin cryptocurrency buykalacoin doge dogearmy eth crypto shibu safemoon enjin ,37784.03,"Albuquerque, NM",1974,886,False,False,2014-09-15 14:27:57,True,False,886,0.41893939393939394,0.1181818181818182
1768,2021-05-25 14:06:51,1397192441573294085,"New post (PwC Survey: Bitcoin Price Will Hit $100,000 By End Of Year) has been published on CoolNerd - Techno Reviews Community -  bitcoin cryptocurrency buykalacoin doge dogearmy eth crypto shibu safemoon enjin ",37784.03,"Albuquerque, NM",1974,886,False,False,2014-09-15 14:27:57,True,False,886,0.45454545454545453,0.13636363636363635
1769,2021-05-25 14:06:50,1397192439123828744," It's all relative, compared to uni it's better currently",37784.03,Cryptoworld,28,277,False,False,2017-12-14 03:24:08,True,False,277,0.3,0.16666666666666666
1777,2021-05-25 14:06:47,1397192426763194369,"The Dow Jones Industrial Average rose 100 points. The S&amp;P 500 added 0.3%, on pace for back-to-back gains for the major benchmark which has stalled out as of late. The tech-heavy Nasdaq Composite climbed 0.6%. Bitcoin DowJones Forex ",37784.03,Lagos,8225,2084,False,False,2009-11-18 13:49:20,False,False,2084,0.6124999999999999,0.05312499999999999
1786,2021-05-25 14:06:43,1397192409084203024," Amazing project. To all beginners, the only thing you must do to survive is do on your own research be patience and never expect to rich quick   , Lawrencium, XLWToken, XLW,Binance Bitcoin Airdrop ",37784.03,sta.cruz alicia isabela,183,4303,False,False,2016-07-31 06:14:51,False,False,4303,0.8300000000000001,0.3816666666666667
1797,2021-05-25 14:06:38,1397192387894599680,New post (OnePlus Founder‚Äôs Twitter Account Hacked in ICO Scam) has been published on CoolNerd - Techno Reviews Community -  bitcoin cryptocurrency buykalacoin doge dogearmy eth crypto shibu safemoon enjin ,37784.03,"Albuquerque, NM",1974,886,False,False,2014-09-15 14:27:57,True,False,886,0.45454545454545453,0.13636363636363635
1804,2021-05-25 14:06:35,1397192375026454536,"Okay  and what is built on top of Bitcoin except mental masturbation? Show something, so I can forward you the list of Ethereum based projects ranking in the Top 100 by market capitalization list.  ",37784.03,"Dubai, United Arab Emirates",1305,1468,False,False,2013-02-12 20:18:28,True,False,1468,0.425,0.35
1807,2021-05-25 14:06:34,1397192372174327814,Nigeria  governor knows little or nothing about Crytpo and bitcoin. What a low knowledge level. It's a pity.60%ROI Nigeria presidency investment.,37784.03,portharcourt,552,925,False,False,2012-06-30 13:16:59,True,False,925,0.4,-0.09375
1814,2021-05-25 14:06:32,1397192362464628739,"  Ok I get the plan now. 1. ""bitcoin isn't green, dump it"" =&gt; ""we fixed it, pump it""2. ""doge can beat bitcoin, pump it"" =&gt; ""we couldn't fix it, dump it""",37784.03,"Chicago, IL",19211,2328,False,False,2006-12-05 23:01:40,False,False,2328,0.3333333333333333,0.13333333333333333
1834,2021-05-25 14:06:25,1397192332664086536, You can get more bitcoin Bitcoin,37784.03,"ƒ∞stanbul, T√ºrkiye",32,154,False,False,2017-05-17 16:58:01,True,False,154,0.5,0.5
1857,2021-05-25 14:06:18,1397192303161266186,Buy Crypto With Your Credit Card / Fast Crypto Exchange  Bitcoin BTC ETH XRP Crypto 10:06 ,37784.03,,10264,3339,False,False,2013-12-05 23:34:07,True,False,3339,0.6,0.2
1865,2021-05-25 14:06:16,1397192296236466182, I like telling people who know I have Bitcoin that I‚Äôm poor again when the price crashes ,37784.03,TX,842,418,False,False,2009-10-03 21:30:21,False,False,418,0.6,-0.4
1872,2021-05-25 14:06:15,1397192290599415816,In 2017 everyone was 99% certain the Bull market will continue &amp; bitcoin was going on to more ATH'sNow my DM's &amp; general sentiment is the Bear market is here.Since when does every Joe Blogs &amp; the majority get to call a Marco market top?My Bias is unchanged  MACRO BULLISH,37784.03,Ireland ,55960,379,False,False,2018-11-05 16:00:12,False,False,379,0.5238095238095238,0.2547619047619048
1895,2021-05-25 14:06:07,1397192258026409987,New post (Hungary to create a statue in honour of Satoshi Nakamoto) has been published on CoolNerd - Techno Reviews Community -  bitcoin cryptocurrency buykalacoin doge dogearmy eth crypto shibu safemoon enjin ,37784.03,"Albuquerque, NM",1974,886,False,False,2014-09-15 14:27:57,True,False,886,0.45454545454545453,0.13636363636363635
1906,2021-05-25 14:06:02,1397192238220857348,New post (South Korea Seeks Tech Partner to Build the Pilot Program for CBDC) has been published on CoolNerd - Techno Reviews Community -  bitcoin cryptocurrency buykalacoin doge dogearmy eth crypto shibu safemoon enjin ,37784.03,"Albuquerque, NM",1974,886,False,False,2014-09-15 14:27:57,True,False,886,0.45454545454545453,0.13636363636363635
1909,2021-05-25 14:06:01,1397192233837899782," FYI the distribution of Bitcoin was open/fair- no premine- Satoshi gave 2 month notice before mining Genesis blockDuring each boom/bust cycle, the Gini Coefficient for Bitcoin decreases (redistributing from old to new hodlers via selling)Now do fairness w/ Central Banks",37784.03,,1582,1174,False,False,2009-04-27 18:57:34,False,False,1174,0.3015151515151515,0.07878787878787878
1915,2021-05-25 14:06:00,1397192227462422528,"LISTEN NOW: An exclusive conversation with  on where bitcoin is headed, and whether the Fed is right on its take on inflation. Listen and subscribe to the  podcast here or on your favorite platform:  ",37784.03,"Englewood Cliffs, NJ",4158817,843,True,False,2009-02-09 00:03:41,False,False,843,0.7678571428571428,0.39285714285714285
1927,2021-05-25 14:05:56,1397192211406729217,"Good morning bitcoinI heard there is a new council being formed for electric vehicles to promote transparency and accelerate sustainable energy initiatives world wide. It will consider all aspects of resources such as cobalt, lithium as well as the creation of energy credits",37784.03,Costa Rica,652,1020,False,False,2020-11-11 15:15:32,True,False,1020,0.48863636363636365,0.18409090909090908
1928,2021-05-25 14:05:56,1397192210911744011,"cryptocurrency : BTC/USDT ,Showing Breakout From The Trend Line Showing inside a triangle , It is in a confusing state , BITCOIN Can drop So alt coin can drop as well. INVEST ACCORDINGLY                                      btc BTCUSDT bitcoin dogecoin Cryptocrash crypto ",37784.03,India,377,2967,False,False,2013-10-19 15:44:20,True,False,2967,0.4,-0.3
1933,2021-05-25 14:05:54,1397192201789218823,"Congratulations For Surviving The Biggest Crash In Bitcoin History, But Is Worse To Come? ",37784.03,Nigeria,165,1199,False,False,2016-02-07 22:50:29,False,False,1199,0.6,-0.4
1947,2021-05-25 14:05:48,1397192179399933953,"   You guys have lost the plot, seriously.   If you have a guy ""fixing the problem"" then it's not decentralized.  If you have a Bitcoin Mining Council, then it's not decentralized.  If it's not decentralized then it's a terribly inefficient database and it's worthless.",37784.03,Simulation,2341,4790,False,False,2018-03-20 16:45:42,False,False,4790,0.8555555555555555,-0.7111111111111111
1948,2021-05-25 14:05:48,1397192178347225094,There aren't enough female Bitcoin miners.Diversity is important to ESG goals. Let's address this critical shortcoming now!Only buy green and pink bitcoin.(sarcasm),37784.03,Laniakea Supercluster,796,871,False,False,2008-08-12 01:28:33,False,False,871,0.5111111111111111,0.016666666666666666
1950,2021-05-25 14:05:48,1397192177432858625," Bitcoin may or may not hit $100,000 this year but there is an altcoin that is showing remarkable strenght and it is no other than oute of . Huge gains guaranteed.",37784.03,,571,291,False,False,2017-06-06 22:18:40,True,False,291,0.6749999999999999,0.40416666666666673
1961,2021-05-25 14:05:43,1397192157363068932," That‚Äôs an interesting take, especially when more open development happens in and on Ethereum than Bitcoin",37784.03,ŒûthŒûrŒûum,3083,4163,False,False,2010-05-06 21:11:27,False,False,4163,0.625,0.25
1967,2021-05-25 14:05:41,1397192148462755845,Go BiBi! Stop the Nonsense.  Buy more Predator Drones from the USA.             Trump2021.    bitcoin  ,37784.03,,1014,2518,False,True,2018-08-07 13:39:02,False,False,2518,0.5,0.5
1973,2021-05-25 14:05:40,1397192142620172292,Bitcoin traders using up to 100-to-1 leverage are driving the wild swings in cryptocurrencies  via CNBC news CNBC,37784.03,"Krak√≥w, Polska",1179,1898,False,False,2011-03-22 18:29:17,False,False,1898,0.4,0.1
1990,2021-05-25 14:05:36,1397192126816038917,You gotta love mainstream media right now ‚ÄúBitcoin on the way down‚Äù in the stuffiest suit‚Äôn tie snobby voice you‚Äôve ever heard. Meanwhile we all know you should be buying cause it‚Äôs only clear sky for rest year. I‚Äôm done trading just holding til moon in October,37784.03,"Los Angeles, CA",101,143,False,False,2009-05-27 01:30:41,True,False,143,0.5615873015873016,0.146031746031746
1994,2021-05-25 14:05:34,1397192117412302863," Trying to argue with the ESG mob goes nowhere. If the premise is that bitcoin has no utility, no amount of  energy spending to secure the network (green or not) will satisfy the eco terrorists.",37784.03,London,106,659,False,False,2007-03-10 11:33:03,False,False,659,0.44999999999999996,0.1
